{
    "loss": 0.2994927763938904,
    "accuracy": 0.9482758641242981
}